{
  "served_kW": 7673,
  "shed_kW": 0,
  "max_util": 2.6653386454183265,
  "avg_util": 2.262443914935463,
  "util_stddev": 0.23924709825956697,
  "per_transformer_kW": [
    669,
    719,
    898,
    820,
    761,
    726,
    706,
    720,
    783,
    871
  ],
  "overloaded_items": 77
}